Advanced_SystemCare_Free>antivirus>>>>http://www.majorgeeks.com/mg/getmirror/advanced_systemcare_free_6_2_254_(0424),1.html>>
Avast_Antivirus>antivirus>>>>http://filehippo.com/download_avast_antivirus/>>
Avast_Virus_Cleaner_Tool>antivirus>>>>http://www.majorgeeks.com/mg/getmirror/avast_virus_cleaner_tool,1.html>>
Avira_Antivirus>antivirus>>>>http://filehippo.com/download_avira/>>
BitDefender_Antivirus>antivirus>>>>http://www.filehippo.com/download_bitdefender_antivirus/>>
Complete_Internet_Repair>antivirus>>>>http://www.majorgeeks.com/mg/getmirror/complete_internet_repair,1.html>>
cwshredder>antivirus>>>>http://filehippo.com/download_cwshredder/>>
Dr._Web_CureIT>antivirus>>>>http://www.majorgeeks.com/mg/get/dr_web_cureit,1.html>>
Emsisoft_Anti-Malware>antivirus>>>>http://www.majorgeeks.com/mg/get/emsisoft_anti_malware,1.html>>
Emsisoft_Emergency_Kit>antivirus>>>>http://www.majorgeeks.com/mg/get/emsisoft_emergency_kit,1.html>>
GMER>antivirus>>>>http://www.majorgeeks.com/mg/get/gmer,1.html>>
HiJackThis>antivirus>>>>http://filehippo.com/download_hijackthis/>http://www.majorgeeks.com/mg/getmirror/hijackthis,1.html>
Icesword>antivirus>>>>http://www.majorgeeks.com/mg/getmirror/icesword,1.html>>
IObit_Malware_Fighter>antivirus>>>>http://www.majorgeeks.com/mg/getmirror/iobit_malware_fighter,1.html>>
IObit_Malware_Fighter_Offline_Database>antivirus>>>>http://www.majorgeeks.com/mg/getmirror/iobit_malware_fighter_offline_database,1.html>>
Malwarebytes_Anti-Malware>antivirus>>>>http://filehippo.com/download_malwarebytes_anti_malware/>http://www.majorgeeks.com/mg/getmirror/malwarebytes_anti_malware,1.html>
McAfee_Stinger>antivirus>>>>http://www.majorgeeks.com/mg/get/mcafee_stinger,2.html>>
McAfee_Stinger>antivirus>>>>http://www.majorgeeks.com/mg/get/mcafee_stinger,1.html>>
MGTools>antivirus>>>>forums.majorgeeks.com/chaslang/files/MGtools.exe>>
Microsoft_Malicious_Software_Removal_Tool>antivirus>>>>http://www.majorgeeks.com/files/details/microsoft_malicious_software_removal_tool.html>>
Microsoft_Malicious_Software_Removal_Tool>antivirus>>>>http://www.majorgeeks.com/mg/get/microsoft_malicious_software_removal_tool,1.html>>
Microsoft_Malicious_Software_Removal_Tool_64>antivirus>>>>http://www.majorgeeks.com/mg/get/microsoft_malicious_software_removal_tool,2.html>>
Microsoft_Process_Explorer>antivirus>>>>http://filehippo.com/download_process_explorer/>http://www.majorgeeks.com/mg/get/microsoft_process_explorer,1.html>
Panda_USB_and_AutoRun_Vaccine>antivirus>>>>http://www.majorgeeks.com/mg/getmirror/panda_usb_and_autorun_vaccine,1.html>>
Sophos>antivirus>>>>http://www.filehippo.com/download_sophos>>
Sophos_Virus_Removal_Tool>antivirus>>>>http://www.majorgeeks.com/mg/getmirror/sophos_virus_removal_tool,1.html>>
Spybot-Search_&_Destroy>antivirus>>>>http://filehippo.com/download_spybot_search_destroy/>http://www.majorgeeks.com/mg/get/spybot_search_destroy_2_12_final,1.html>
SpywareBlaster>antivirus>>>>http://filehippo.com/download_spywareblaster/>http://www.majorgeeks.com/mg/getmirror/spywareblaster,1.html>
SUPERAntiSpyware>antivirus>>>>http://www.majorgeeks.com/mg/getmirror/superantispyware_free,1.html>>
Trend_Micro_CWShredder>antivirus>>>>http://filehippo.com/download_cwshredder/>http://www.majorgeeks.com/mg/getmirror/trend_micro_cwshredder,1.html>
Trend_Micro_RUBotted>antivirus>>>>http://www.majorgeeks.com/mg/getmirror/trend_micro_rubotted,1.html>>
WinSock_XP_Fix>antivirus>>>>http://www.majorgeeks.com/mg/getmirror/winsock_xp_fix,2.html>>
Pidgin>communication>>>>http://filehippo.com/download_pidgin/>>
Skype>communication>>>>http://filehippo.com/download_skype/>>
TeamViewer>communication>>>>http://filehippo.com/download_teamviewer/>>
Blender>creative>>>>http://www.majorgeeks.com/mg/get/blender,1.html>>
Blender_64>creative>>>>http://www.majorgeeks.com/mg/get/blender,2.html>>
Gimp>creative>>>>http://www.majorgeeks.com/mg/getmirror/the_gimp,1.html>>
Inkscape>creative>>>>http://www.majorgeeks.com/mg/getmirror/inkscape,1.html>>
Krita>creative>>>>http://www.majorgeeks.com/mg/get/krita_studio,1.html>>
Krita_64>creative>>>>http://www.majorgeeks.com/mg/get/krita_studio,2.html>>
Paint.NET>creative>>>>http://filehippo.com/download_paint.net/>http://www.majorgeeks.com/mg/get/paint_net,1.html>
Code::Blocks>development>>>>http://sourceforge.net/projects/codeblocks/files/latest/download>>
Calibre>education>>>>http://www.majorgeeks.com/mg/get/calibre,1.html>>
Kiwix>education>>>>http://sourceforge.net/projects/kiwix/files/latest/download?source=directory>>
64_VLC_Media_Player>multimedia>>>>http://filehippo.com/download_vlc_64/>>
Audacity>multimedia>>>>http://www.filehippo.com/download_audacity/>http://www.majorgeeks.com/files/details/audacity.html>http://sourceforge.net/projects/audacity/files/latest/download
MusicBee>multimedia>>>>http://filehippo.com/download_musicbee/>http://www.majorgeeks.com/files/details/musicbee.html>
Quicktime>multimedia>>>>http://filehippo.com/download_quicktime_player/>>
VLC_Media_Player>multimedia>>>>http://filehippo.com/download_vlc_32/>http://www.majorgeeks.com/files/details/vlc_media_player.html>
Adobe_Reader>office>>>>http://filehippo.com/download_adobe_reader/>>
Foxit_Reader>office>>>>http://filehippo.com/download_foxit/>http://www.majorgeeks.com/mg/getmirror/foxit_reader,1.html>
ImgBurn>office>>>>http://filehippo.com/download_imgburn/>http://www.majorgeeks.com/mg/getmirror/imgburn,1.html>
InfraRecorder>office>>>>http://www.majorgeeks.com/mg/getmirror/infrarecorder,1.html>>
LibreOffice>office>>>>http://www.majorgeeks.com/mg/get/libreoffice_productivity_suite,1.html>>
OpenOffice>office>>>>http://www.majorgeeks.com/mg/getmirror/apache_openoffice_org_for_windows,1.html>>
PrimoPDF>office>>>>http://www.majorgeeks.com/mg/getmirror/primopdf,1.html>>
Scribus>office>>>>http://www.majorgeeks.com/mg/getmirror/scribus,1.html>http://sourceforge.net/projects/filezilla/files/latest/download>
Thunderbird>office>>>>http://filehippo.com/download_thunderbird/>http://www.majorgeeks.com/mg/get/mozilla_thunderbird_17_05_final,1.html>
AppRemover>removal_tools>>>>http://www.majorgeeks.com/mg/getmirror/appremover,1.html>>
AVG_Remover>removal_tools>>>>http://www.majorgeeks.com/mg/get/avg_remover,1.html>>
AVG_Remover_64>removal_tools>>>>http://www.majorgeeks.com/mg/get/avg_remover,2.html>>
McAfee_Removal_Tool>removal_tools>>>>http://www.majorgeeks.com/mg/getmirror/mcafee_consumer_product_removal_tool,1.html>>
Norton_Power_Eraser>removal_tools>>>>http://www.majorgeeks.com/mg/getmirror/norton_power_eraser,1.html>>
Norton_Removal_Tool>removal_tools>>>>http://www.majorgeeks.com/mg/get/norton_removal_tool,1.html>>
Panda_Quick_Remover>removal_tools>>>>http://www.majorgeeks.com/mg/getmirror/panda_quick_remover,1.html>>
Your_Uninstaller!>removal_tools>>>>http://www.majorgeeks.com/mg/get/your_uninstaller,1.html>>
ZoneAlarm_Uninstall>removal_tools>>>>http://www.majorgeeks.com/mg/get/zone_alarm_uninstall,1.html>>
F-Secure_BlackLight>rootkit>>>>http://www.majorgeeks.com/mg/getmirror/f_secure_blacklight,1.html>>
Gromozon_Rootkit_Removal_Tool_32>rootkit>>>>http://www.majorgeeks.com/mg/getmirror/gromozon_rootkit_removal_tool,1.html>>
Kaspersky_TDSSKiller>rootkit>>>>http://www.majorgeeks.com/mg/get/kaspersky_tdsskiller,1.html>>
Malwarebytes_Anti-Rootkit>rootkit>>>>http://www.majorgeeks.com/files/details/malwarebytes_anti_rootkit.html>>
Microsoft_Sysinternals_Rootkit_Revealer>rootkit>>>>http://filehippo.com/download_rootkit_revealer/>http://www.majorgeeks.com/mg/getmirror/microsoft_sysinternals_rootkit_revealer,1.html>
Panda_Anti-Rootkit>rootkit>>>>http://www.majorgeeks.com/mg/getmirror/panda_anti_rootkit,1.html>>
RootRepeal_Rootkit_Detector>rootkit>>>>http://www.majorgeeks.com/mg/getmirror/rootrepeal_rootkit_detector,1.html>>
Trend_Micro_RootkitBuster>rootkit>>>>http://www.majorgeeks.com/mg/getmirror/trend_micro_rootkitbuster,1.html>>
Ad-Aware_Free_Antivirus>security>>>>http://www.majorgeeks.com/mg/get/ad_aware_free_antivirus,1.html>>
AVG_AntiVirus_Free_Edition>security>>>>http://filehippo.com/download_avg_antivirus_32/>http://www.majorgeeks.com/mg/get/avg_antivirus_free_edition,1.html>
ClamWin_Free_Antivirus>security>>>>http://www.majorgeeks.com/mg/getmirror/clamwin_free_antivirus,1.html>>
Comodo_AntiVirus>security>>>>http://www.majorgeeks.com/mg/get/comodo_antivirus,1.html>http://www.majorgeeks.com/mg/get/comodo_antivirus,2.html>
Comodo_Firewall>security>>>>http://www.majorgeeks.com/mg/get/comodo_personal_firewall,1.html>http://www.majorgeeks.com/mg/get/comodo_personal_firewall,2.html>
Comodo_Internet_Security>security>>>>http://filehippo.com/download_comodo/>http://www.majorgeeks.com/mg/get/comodo_internet_security,1.html>http://www.majorgeeks.com/mg/get/comodo_internet_security,2.html
KeePass>security>>>>http://www.filehippo.com/download_keepass/>http://www.majorgeeks.com/files/details/keepass_password_safe.html>http://sourceforge.net/projects/keepass/files/latest/download
Norton_AntiVirus>security>>>>http://www.majorgeeks.com/mg/get/norton_antivirus,1.html>>
TrueCrypt>security>>>>http://www.majorgeeks.com/mg/getmirror/truecrypt,1.html>>
ZoneAlarm_Free>security>>>>http://filehippo.com/download_zonealarm_free_firewall/>http://www.majorgeeks.com/mg/get/zonealarm_free,1.html>
ZoneAlarm_Free_Antivirus_+_Firewall>security>>>>http://www.majorgeeks.com/mg/get/zonealarm_free_antivirus_firewall,1.html>>
3dMark_Vantage>system_analysis>>>>http://filehippo.com/download_3dmark_vantage/>>
Aida>system_analysis>>>>http://www.majorgeeks.com/mg/getmirror/aida32_personal_system_information,1.html>>
ASTRA>system_analysis>>>>http://www.majorgeeks.com/mg/get/astra_advanced_sysinfo_tool,1.html>>
Belarc>system_analysis>>>>http://www.majorgeeks.com/mg/get/belarc_advisor,1.html>>
CPU-Z>system_analysis>>>>http://www.majorgeeks.com/mg/getmirror/cpu_z,1.html>>
GPU-Z>system_analysis>>>>http://www.majorgeeks.com/mg/getmirror/gpu_z,1.html>http://filehippo.com/download_gpuz/>
HWMonitor>system_analysis>>>>http://www.majorgeeks.com/mg/get/hwmonitor,1.html>>
Speccy>system_analysis>>>>http://filehippo.com/download_speccy/>http://www.majorgeeks.com/mg/getmirror/speccy,1.html>
64_7-Zip>utilities>>>>http://www.majorgeeks.com/mg/get/7_zip,3.html>http://filehippo.com/download_7-zip_64/>
64_Notepad2>utilities>>>>http://www.majorgeeks.com/mg/get/notepad2,2.html>>
64_OpenVPN>utilities>>>>http://www.majorgeeks.com/mg/get/openvpn,2.html>>
64_WinRar>utilities>>>>http://filehippo.com/download_winrar_64/>>
7-Zip>utilities>>>>http://filehippo.com/download_7zip_32/>http://www.majorgeeks.com/mg/get/7_zip,2.html>http://sourceforge.net/projects/sevenzip/files/latest/download
AutoHotKey>utilities>>>>http://www.majorgeeks.com/files/details/autohotkey.html>>
Autoruns>utilities>>>>http://filehippo.com/download_autoruns/>>
CCleaner>utilities>>>>http://filehippo.com/download_ccleaner/>>
Comodo_Dragon>utilities>>>>http://filehippo.com/download_comodo_dragon/>http://www.majorgeeks.com/mg/get/comodo_dragon,1.html>
Comodo_Ice_Dragon>utilities>>>>http://filehippo.com/download_comodo_icedragon/>http://www.majorgeeks.com/mg/get/comodo_icedragon,1.html>
Comodo_Programs_Manager>utilities>>>>http://www.majorgeeks.com/mg/getmirror/comodo_programs_manager,1.html>>
Defraggler>utilities>>>>http://filehippo.com/download_defraggler/>>
Filezilla>utilities>>>>http://sourceforge.net/projects/filezilla/files/latest/download>http://filehippo.com/download_filezilla/>http://www.majorgeeks.com/mg/getmirror/filezilla,2.html
Firefox>utilities>>>>http://filehippo.com/download_firefox/>http://www.majorgeeks.com/mg/get/mozilla_firefox_beta,1.html>
Microsoft_Network_Diagnostic_Tool>utilities>>>>http://www.majorgeeks.com/mg/getmirror/microsoft_network_diagnostic_tool,1.html>>
NeoRouter_Free>utilities>>>>http://www.majorgeeks.com/mg/getmirror/neorouter_free,1.html>>
Notepad++>utilities>>>>http://filehippo.com/download_notepad/>http://www.majorgeeks.com/mg/get/notepad,1.html>
Notepad2>utilities>>>>http://www.majorgeeks.com/mg/getmirror/notepad2,1.html>>
OpenVPN>utilities>>>>http://www.majorgeeks.com/mg/get/openvpn,1.html>>
PuTTY>utilities>>>>http://www.majorgeeks.com/mg/getmirror/putty,1.html>>
Recuva>utilities>>>>http://filehippo.com/download_recuva/>>
Revo_Uninstaller>utilities>>>>http://www.majorgeeks.com/mg/getmirror/revo_uninstaller,1.html>>
Startup_Control_Panel>utilities>>>>http://www.majorgeeks.com/mg/getmirror/startup_control_panel_standalone_version,1.html>>
TeraCopy>utilities>>>>http://www.majorgeeks.com/mg/get/teracopy,1.html>>
ToR_Browser_Bundle>utilities>>>>http://www.majorgeeks.com/mg/getmirror/tor_browser_bundle,1.html>>
UltraVNC>utilities>>>>http://www.majorgeeks.com/mg/getmirror/ultravnc,1.html>>
Unlocker>utilities>>>>http://filehippo.com/download_unlocker/>>
Virtual_Box>utilities>>>>http://www.majorgeeks.com/mg/get/virtualbox,1.html>>
WinRar>utilities>>>>http://filehippo.com/download_winrar_32/>http://www.majorgeeks.com/files/details/winrar.html>
Bluestacks>virtualization>>>>http://filehippo.com/download_bluestacks_app_player/>>
VirtualBox>virtualization>>>>http://www.filehippo.com/download_virtualbox/>>
64_Java>web>>>>http://filehippo.com/download_jre_64/>>
Adobe_Flash>web>>>>http://filehippo.com/download_flashplayer_firefox/>>
Chromium_Web_Browser>web>>>>http://www.majorgeeks.com/mg/getmirror/chromium,1.html>>
Google_Chrome>web>>>>http://filehippo.com/download_google_chrome/>http://www.majorgeeks.com/mg/get/google_chrome_26_1410_64_stable,1.html>
Java>web>>>>http://filehippo.com/download_jre_32/>http://www.majorgeeks.com/mg/getmirror/sun_java_runtime_environment,1.html>
Opera>web>>>>http://filehippo.com/download_opera/>http://www.majorgeeks.com/files/details/opera.html>
